index,val
0,solar
1,solar
2,solar
3,solar
4,solar
5,solar
6,solar
7,solar
8,wind
9,solar
10,solar
11,solar
12,solar
13,solar
14,solar
15,solar
16,solar
17,solar
18,wind
19,solar
20,solar
21,solar
22,solar
23,solar
24,solar
25,solar
26,solar
27,solar
28,solar
29,solar
30,solar
31,wind
32,solar
33,solar
34,solar
35,solar
36,solar
37,solar
38,solar
39,solar
40,solar
41,solar
42,solar
43,solar
44,solar
45,solar
46,solar
47,solar
48,solar
49,solar
50,solar
51,solar
52,solar
53,solar
54,solar
55,solar
56,solar
57,solar
58,solar
59,solar
60,solar
61,solar
62,solar
63,solar
64,solar
65,solar
66,solar
67,solar
68,solar
69,solar
70,solar
71,solar
72,solar
73,solar
74,solar
75,wind
76,gas
77,gas
78,gas
79,gas
80,gas
81,solar
82,solar
83,solar
84,solar
85,solar
86,solar
87,solar
88,solar
89,solar
90,wind
91,gas
92,gas
93,gas
94,gas
95,gas
96,wind
97,wind
98,wind
99,wind
100,wind
101,wind
102,wind
103,wind
104,solar
105,solar
106,wind
107,gas
108,gas
109,gas
110,gas
111,gas
112,wind
113,wind
114,wind
115,wind
116,wind
117,wind
118,wind
119,wind
120,solar
121,solar
122,wind
123,gas
124,gas
125,gas
126,gas
127,gas
128,wind
129,wind
130,wind
131,wind
132,wind
133,wind
134,wind
135,wind
136,solar
137,solar
138,solar
139,wind
140,gas
141,gas
142,gas
143,gas
144,gas
145,wind
146,wind
147,wind
148,wind
149,wind
150,wind
151,wind
152,wind
153,solar
154,solar
155,solar
156,gas
157,gas
158,gas
159,gas
160,gas
161,wind
162,wind
163,wind
164,wind
165,wind
166,wind
167,wind
168,wind
169,solar
170,solar
171,solar
172,wind
173,solar
174,solar
175,solar
176,solar
177,solar
178,solar
179,solar
180,wind
181,wind
182,wind
183,wind
184,solar
185,solar
186,solar
187,solar
188,solar
189,solar
190,solar
191,solar
192,solar
193,solar
194,solar
195,solar
196,solar
197,solar
198,wind
199,wind
200,wind
201,wind
202,solar
203,solar
204,solar
205,solar
206,solar
207,solar
208,solar
209,solar
210,solar
211,solar
212,solar
213,solar
214,solar
215,solar
216,wind
217,wind
218,wind
219,wind
220,solar
221,solar
222,solar
223,solar
224,solar
225,solar
226,wind
227,solar
228,solar
229,solar
230,solar
231,solar
232,solar
233,solar
234,solar
235,wind
236,wind
237,wind
238,wind
239,solar
240,solar
241,solar
242,solar
243,solar
244,solar
245,solar
246,wind
247,solar
248,solar
249,solar
250,solar
251,solar
252,solar
253,solar
254,solar
255,solar
256,wind
257,wind
258,wind
259,wind
260,solar
261,solar
262,solar
263,solar
264,solar
265,solar
266,solar
267,solar
268,solar
269,solar
270,solar
271,solar
272,solar
273,solar
274,solar
275,solar
276,solar
277,solar
278,wind
279,wind
280,wind
281,wind
282,solar
283,solar
284,solar
285,solar
286,solar
287,solar
288,solar
289,solar
290,solar
291,wind
292,solar
293,solar
294,solar
295,solar
296,solar
297,solar
298,solar
299,solar
300,solar
301,solar
302,wind
303,wind
304,wind
305,wind
306,solar
307,solar
308,solar
309,solar
310,solar
311,solar
312,solar
313,solar
314,solar
315,solar
316,solar
317,solar
318,wind
319,solar
320,solar
321,solar
322,solar
323,solar
324,solar
325,solar
326,solar
327,wind
328,wind
329,wind
330,wind
331,wind
332,wind
333,wind
334,wind
335,solar
336,solar
337,solar
338,solar
339,solar
340,solar
341,solar
342,solar
343,wind
344,wind
345,wind
346,wind
347,solar
348,solar
349,solar
350,solar
351,solar
352,solar
353,wind
354,wind
355,wind
356,wind
357,wind
358,wind
359,wind
360,wind
361,solar
362,wind
363,wind
364,wind
365,wind
366,solar
367,wind
368,solar
369,solar
370,solar
371,solar
372,wind
373,wind
374,solar
375,solar
376,solar
377,solar
378,solar
379,solar
380,solar
381,solar
382,solar
383,wind
384,wind
385,wind
386,wind
387,wind
388,wind
389,wind
390,wind
391,wind
392,wind
393,wind
394,wind
395,wind
396,solar
397,solar
398,solar
399,solar
400,solar
401,solar
402,wind
403,wind
404,wind
405,solar
406,solar
407,solar
408,solar
409,solar
410,solar
411,solar
412,solar
413,solar
414,wind
415,wind
416,wind
417,wind
418,wind
419,wind
420,wind
421,wind
422,wind
423,wind
424,wind
425,wind
426,wind
427,solar
428,solar
429,wind
430,solar
431,solar
432,solar
433,solar
434,solar
435,solar
436,solar
437,solar
438,wind
439,solar
440,solar
441,solar
442,solar
443,solar
444,solar
445,solar
446,solar
447,solar
448,wind
449,wind
450,wind
451,wind
452,wind
453,wind
454,wind
455,wind
456,wind
457,wind
458,wind
459,wind
460,wind
461,solar
462,solar
463,wind
464,solar
465,solar
466,solar
467,solar
468,solar
469,solar
470,solar
471,solar
472,solar
473,solar
474,solar
475,solar
476,solar
477,solar
478,solar
479,solar
480,solar
481,solar
482,solar
483,solar
484,wind
485,wind
486,wind
487,wind
488,wind
489,wind
490,wind
491,wind
492,wind
493,wind
494,wind
495,wind
496,wind
497,solar
498,solar
499,solar
500,solar
501,solar
502,solar
503,solar
504,solar
505,solar
506,wind
507,solar
508,solar
509,solar
510,solar
511,solar
512,solar
513,solar
514,solar
515,solar
516,solar
517,solar
518,solar
519,solar
520,solar
521,solar
522,solar
523,solar
524,solar
525,solar
526,solar
527,solar
528,solar
529,solar
530,solar
531,solar
532,solar
533,solar
534,solar
535,solar
536,solar
537,wind
538,solar
539,solar
540,water
541,solar
542,solar
543,solar
544,solar
545,solar
546,solar
547,solar
548,solar
549,solar
550,solar
551,solar
552,solar
553,solar
554,solar
555,solar
556,solar
557,solar
558,solar
559,solar
560,solar
561,solar
562,solar
563,solar
564,solar
565,solar
566,solar
567,solar
568,solar
569,solar
570,solar
571,solar
572,solar
573,solar
574,solar
575,solar
576,solar
577,solar
578,wind
579,solar
580,solar
581,solar
582,solar
583,solar
584,solar
585,solar
586,solar
587,solar
588,solar
589,solar
590,solar
591,solar
592,solar
593,water
594,solar
595,solar
596,solar
597,solar
598,solar
599,solar
600,solar
601,solar
602,solar
603,solar
604,solar
605,solar
606,solar
607,solar
608,solar
609,solar
610,solar
611,solar
612,solar
613,solar
614,solar
615,solar
616,wind
617,solar
618,solar
619,solar
620,solar
621,solar
622,solar
623,water
624,water
625,solar
626,solar
627,solar
628,solar
629,solar
630,water
631,water
632,water
633,water
634,water
635,water
636,water
637,solar
638,solar
639,solar
640,solar
641,solar
642,solar
643,solar
644,solar
645,solar
646,solar
647,solar
648,solar
649,solar
650,solar
651,solar
652,solar
653,solar
654,wind
655,wind
656,wind
657,wind
658,solar
659,solar
660,solar
661,solar
662,solar
663,solar
664,solar
665,solar
666,solar
667,solar
668,solar
669,solar
670,solar
671,solar
672,solar
673,solar
674,solar
675,solar
676,water
677,water
678,water
679,solar
680,solar
681,solar
682,water
683,water
684,solar
685,solar
686,solar
687,solar
688,solar
689,solar
690,solar
691,solar
692,solar
693,wind
694,wind
695,wind
696,wind
697,wind
698,wind
699,wind
700,wind
701,wind
702,wind
703,solar
704,solar
705,solar
706,solar
707,solar
708,solar
709,solar
710,solar
711,solar
712,solar
713,solar
714,solar
715,solar
716,solar
717,solar
718,solar
719,solar
720,solar
721,solar
722,water
723,solar
724,solar
725,solar
726,water
727,water
728,solar
729,solar
730,solar
731,solar
732,water
733,water
734,water
735,solar
736,solar
737,solar
738,solar
739,solar
740,solar
741,solar
742,wind
743,wind
744,wind
745,wind
746,wind
747,solar
748,wind
749,wind
750,wind
751,wind
752,wind
753,wind
754,wind
755,wind
756,solar
757,solar
758,solar
759,solar
760,solar
761,solar
762,solar
763,solar
764,solar
765,solar
766,solar
767,solar
768,solar
769,solar
770,solar
771,solar
772,solar
773,solar
774,solar
775,solar
776,solar
777,water
778,solar
779,solar
780,solar
781,solar
782,water
783,solar
784,solar
785,solar
786,solar
787,water
788,water
789,solar
790,solar
791,solar
792,solar
793,solar
794,solar
795,solar
796,solar
797,wind
798,wind
799,wind
800,wind
801,wind
802,solar
803,solar
804,wind
805,wind
806,wind
807,wind
808,wind
809,wind
810,wind
811,wind
812,wind
813,wind
814,solar
815,solar
816,solar
817,solar
818,solar
819,solar
820,solar
821,solar
822,solar
823,solar
824,solar
825,solar
826,solar
827,solar
828,solar
829,solar
830,solar
831,solar
832,solar
833,solar
834,solar
835,solar
836,solar
837,solar
838,solar
839,solar
840,solar
841,solar
842,solar
843,solar
844,solar
845,solar
846,solar
847,solar
848,solar
849,solar
850,solar
851,solar
852,solar
853,solar
854,solar
855,solar
856,solar
857,wind
858,wind
859,wind
860,wind
861,wind
862,solar
863,solar
864,solar
865,wind
866,wind
867,wind
868,wind
869,wind
870,wind
871,wind
872,wind
873,wind
874,wind
875,solar
876,solar
877,solar
878,solar
879,solar
880,solar
881,solar
882,solar
883,solar
884,solar
885,solar
886,solar
887,solar
888,solar
889,solar
890,solar
891,solar
892,solar
893,solar
894,solar
895,solar
896,solar
897,solar
898,solar
899,solar
900,solar
901,solar
902,solar
903,solar
904,solar
905,solar
906,solar
907,solar
908,solar
909,solar
910,solar
911,solar
912,solar
913,solar
914,solar
915,solar
916,solar
917,solar
918,solar
919,solar
920,wind
921,wind
922,wind
923,wind
924,wind
925,solar
926,solar
927,solar
928,solar
929,wind
930,wind
931,wind
932,wind
933,wind
934,wind
935,wind
936,wind
937,wind
938,wind
939,wind
940,wind
941,wind
942,solar
943,solar
944,solar
945,solar
946,solar
947,solar
948,solar
949,solar
950,solar
951,solar
952,solar
953,solar
954,solar
955,solar
956,solar
957,solar
958,solar
959,water
960,water
961,solar
962,solar
963,solar
964,solar
965,solar
966,solar
967,solar
968,water
969,solar
970,solar
971,solar
972,solar
973,solar
974,solar
975,solar
976,solar
977,solar
978,solar
979,solar
980,solar
981,solar
982,solar
983,solar
984,solar
985,wind
986,wind
987,wind
988,wind
989,wind
990,wind
991,wind
992,wind
993,wind
994,solar
995,solar
996,solar
997,solar
998,solar
999,wind
1000,wind
1001,wind
1002,wind
1003,wind
1004,wind
1005,wind
1006,wind
1007,wind
1008,wind
1009,wind
1010,wind
1011,wind
1012,wind
1013,solar
1014,solar
1015,solar
1016,solar
1017,solar
1018,solar
1019,solar
1020,solar
1021,solar
1022,solar
1023,solar
1024,solar
1025,solar
1026,solar
1027,solar
1028,water
1029,water
1030,water
1031,solar
1032,solar
1033,solar
1034,solar
1035,solar
1036,solar
1037,solar
1038,water
1039,solar
1040,solar
1041,solar
1042,solar
1043,solar
1044,solar
1045,solar
1046,solar
1047,solar
1048,solar
1049,solar
1050,solar
1051,solar
1052,solar
1053,solar
1054,solar
1055,wind
1056,wind
1057,wind
1058,wind
1059,wind
1060,wind
1061,wind
1062,wind
1063,wind
1064,solar
1065,solar
1066,solar
1067,solar
1068,solar
1069,solar
1070,solar
1071,solar
1072,gas
1073,gas
1074,gas
1075,wind
1076,wind
1077,wind
1078,wind
1079,wind
1080,wind
1081,wind
1082,wind
1083,wind
1084,wind
1085,wind
1086,wind
1087,wind
1088,wind
1089,wind
1090,wind
1091,wind
1092,solar
1093,solar
1094,solar
1095,solar
1096,solar
1097,solar
1098,solar
1099,solar
1100,solar
1101,solar
1102,solar
1103,solar
1104,solar
1105,solar
1106,solar
1107,solar
1108,water
1109,water
1110,water
1111,solar
1112,solar
1113,solar
1114,solar
1115,solar
1116,solar
1117,solar
1118,solar
1119,water
1120,solar
1121,solar
1122,solar
1123,solar
1124,solar
1125,solar
1126,solar
1127,solar
1128,solar
1129,solar
1130,solar
1131,solar
1132,solar
1133,solar
1134,solar
1135,solar
1136,wind
1137,wind
1138,wind
1139,wind
1140,wind
1141,wind
1142,wind
1143,wind
1144,solar
1145,solar
1146,solar
1147,solar
1148,solar
1149,solar
1150,solar
1151,solar
1152,gas
1153,gas
1154,gas
1155,gas
1156,wind
1157,wind
1158,wind
1159,wind
1160,wind
1161,wind
1162,wind
1163,wind
1164,wind
1165,wind
1166,wind
1167,wind
1168,wind
1169,wind
1170,wind
1171,wind
1172,wind
1173,wind
1174,solar
1175,solar
1176,solar
1177,solar
1178,solar
1179,solar
1180,solar
1181,solar
1182,solar
1183,solar
1184,solar
1185,solar
1186,solar
1187,solar
1188,solar
1189,solar
1190,solar
1191,solar
1192,water
1193,solar
1194,solar
1195,solar
1196,solar
1197,solar
1198,solar
1199,solar
1200,solar
1201,solar
1202,solar
1203,solar
1204,solar
1205,solar
1206,solar
1207,solar
1208,solar
1209,solar
1210,solar
1211,solar
1212,solar
1213,solar
1214,solar
1215,solar
1216,solar
1217,solar
1218,solar
1219,wind
1220,wind
1221,wind
1222,wind
1223,wind
1224,wind
1225,wind
1226,wind
1227,solar
1228,solar
1229,solar
1230,solar
1231,solar
1232,solar
1233,solar
1234,solar
1235,gas
1236,gas
1237,gas
1238,gas
1239,gas
1240,gas
1241,wind
1242,wind
1243,wind
1244,wind
1245,wind
1246,wind
1247,wind
1248,wind
1249,wind
1250,wind
1251,wind
1252,wind
1253,wind
1254,wind
1255,wind
1256,wind
1257,solar
1258,solar
1259,solar
1260,solar
1261,solar
1262,solar
1263,solar
1264,solar
1265,solar
1266,solar
1267,solar
1268,solar
1269,solar
1270,solar
1271,solar
1272,solar
1273,solar
1274,solar
1275,solar
1276,solar
1277,solar
1278,solar
1279,solar
1280,solar
1281,solar
1282,solar
1283,solar
1284,solar
1285,solar
1286,solar
1287,solar
1288,solar
1289,solar
1290,solar
1291,solar
1292,solar
1293,solar
1294,solar
1295,solar
1296,solar
1297,solar
1298,solar
1299,solar
1300,solar
1301,solar
1302,solar
1303,wind
1304,wind
1305,wind
1306,wind
1307,wind
1308,wind
1309,water
1310,solar
1311,solar
1312,solar
1313,solar
1314,solar
1315,solar
1316,solar
1317,solar
1318,gas
1319,gas
1320,gas
1321,gas
1322,gas
1323,gas
1324,wind
1325,wind
1326,wind
1327,wind
1328,wind
1329,wind
1330,wind
1331,wind
1332,wind
1333,wind
1334,wind
1335,wind
1336,wind
1337,wind
1338,wind
1339,wind
1340,solar
1341,solar
1342,solar
1343,solar
1344,solar
1345,solar
1346,solar
1347,solar
1348,solar
1349,solar
1350,solar
1351,solar
1352,solar
1353,solar
1354,solar
1355,solar
1356,solar
1357,solar
1358,water
1359,water
1360,solar
1361,solar
1362,solar
1363,solar
1364,solar
1365,solar
1366,solar
1367,solar
1368,solar
1369,solar
1370,solar
1371,solar
1372,solar
1373,solar
1374,solar
1375,solar
1376,solar
1377,solar
1378,solar
1379,solar
1380,solar
1381,water
1382,solar
1383,solar
1384,solar
1385,solar
1386,wind
1387,wind
1388,wind
1389,wind
1390,wind
1391,water
1392,water
1393,solar
1394,solar
1395,solar
1396,solar
1397,solar
1398,solar
1399,solar
1400,solar
1401,gas
1402,gas
1403,gas
1404,gas
1405,gas
1406,gas
1407,wind
1408,wind
1409,wind
1410,wind
1411,wind
1412,wind
1413,wind
1414,wind
1415,wind
1416,wind
1417,wind
1418,wind
1419,wind
1420,wind
1421,wind
1422,wind
1423,wind
1424,solar
1425,solar
1426,solar
1427,solar
1428,solar
1429,solar
1430,solar
1431,solar
1432,solar
1433,solar
1434,solar
1435,solar
1436,solar
1437,solar
1438,solar
1439,solar
1440,solar
1441,solar
1442,water
1443,solar
1444,solar
1445,solar
1446,solar
1447,solar
1448,solar
1449,solar
1450,solar
1451,solar
1452,solar
1453,solar
1454,solar
1455,solar
1456,solar
1457,solar
1458,solar
1459,solar
1460,solar
1461,solar
1462,solar
1463,solar
1464,water
1465,wind
1466,wind
1467,wind
1468,wind
1469,wind
1470,wind
1471,wind
1472,water
1473,water
1474,water
1475,wind
1476,wind
1477,wind
1478,wind
1479,wind
1480,wind
1481,wind
1482,wind
1483,gas
1484,gas
1485,gas
1486,gas
1487,gas
1488,wind
1489,wind
1490,wind
1491,wind
1492,wind
1493,wind
1494,wind
1495,wind
1496,wind
1497,wind
1498,wind
1499,wind
1500,wind
1501,wind
1502,wind
1503,wind
1504,wind
1505,wind
1506,wind
1507,solar
1508,solar
1509,solar
1510,solar
1511,solar
1512,solar
1513,solar
1514,solar
1515,solar
1516,solar
1517,solar
1518,solar
1519,solar
1520,solar
1521,solar
1522,solar
1523,solar
1524,solar
1525,solar
1526,solar
1527,solar
1528,solar
1529,solar
1530,solar
1531,solar
1532,solar
1533,solar
1534,solar
1535,solar
1536,solar
1537,solar
1538,solar
1539,solar
1540,solar
1541,solar
1542,solar
1543,solar
1544,water
1545,solar
1546,solar
1547,solar
1548,water
1549,water
1550,wind
1551,wind
1552,wind
1553,wind
1554,water
1555,water
1556,water
1557,water
1558,wind
1559,wind
1560,wind
1561,wind
1562,wind
1563,wind
1564,wind
1565,wind
1566,wind
1567,wind
1568,gas
1569,gas
1570,gas
1571,gas
1572,wind
1573,wind
1574,wind
1575,wind
1576,wind
1577,wind
1578,wind
1579,wind
1580,wind
1581,wind
1582,wind
1583,wind
1584,wind
1585,wind
1586,wind
1587,wind
1588,wind
1589,wind
1590,wind
1591,solar
1592,solar
1593,solar
1594,solar
1595,solar
1596,solar
1597,solar
1598,solar
1599,solar
1600,solar
1601,solar
1602,solar
1603,solar
1604,solar
1605,solar
1606,solar
1607,solar
1608,water
1609,solar
1610,solar
1611,solar
1612,solar
1613,solar
1614,solar
1615,solar
1616,water
1617,solar
1618,solar
1619,solar
1620,solar
1621,solar
1622,solar
1623,solar
1624,solar
1625,solar
1626,solar
1627,solar
1628,water
1629,water
1630,solar
1631,wind
1632,water
1633,water
1634,wind
1635,wind
1636,water
1637,water
1638,water
1639,water
1640,wind
1641,wind
1642,wind
1643,wind
1644,wind
1645,wind
1646,wind
1647,wind
1648,wind
1649,wind
1650,wind
1651,gas
1652,gas
1653,gas
1654,gas
1655,gas
1656,wind
1657,wind
1658,wind
1659,wind
1660,wind
1661,wind
1662,wind
1663,wind
1664,wind
1665,wind
1666,wind
1667,wind
1668,wind
1669,wind
1670,wind
1671,wind
1672,wind
1673,wind
1674,wind
1675,solar
1676,solar
1677,solar
1678,solar
1679,solar
1680,solar
1681,solar
1682,solar
1683,solar
1684,solar
1685,solar
1686,solar
1687,solar
1688,solar
1689,solar
1690,solar
1691,solar
1692,solar
1693,water
1694,water
1695,solar
1696,solar
1697,solar
1698,solar
1699,solar
1700,solar
1701,solar
1702,water
1703,solar
1704,solar
1705,solar
1706,solar
1707,solar
1708,water
1709,solar
1710,solar
1711,water
1712,solar
1713,water
1714,solar
1715,solar
1716,wind
1717,wind
1718,wind
1719,wind
1720,wind
1721,wind
1722,wind
1723,water
1724,wind
1725,wind
1726,wind
1727,wind
1728,wind
1729,wind
1730,wind
1731,wind
1732,wind
1733,wind
1734,wind
1735,wind
1736,wind
1737,wind
1738,wind
1739,wind
1740,wind
1741,wind
1742,wind
1743,wind
1744,wind
1745,wind
1746,wind
1747,wind
1748,wind
1749,wind
1750,wind
1751,wind
1752,wind
1753,wind
1754,wind
1755,wind
1756,wind
1757,wind
1758,wind
1759,wind
1760,wind
1761,solar
1762,solar
1763,solar
1764,solar
1765,solar
1766,solar
1767,solar
1768,solar
1769,solar
1770,solar
1771,solar
1772,solar
1773,solar
1774,solar
1775,solar
1776,solar
1777,solar
1778,solar
1779,solar
1780,solar
1781,solar
1782,solar
1783,solar
1784,solar
1785,solar
1786,solar
1787,solar
1788,solar
1789,solar
1790,solar
1791,solar
1792,solar
1793,solar
1794,solar
1795,solar
1796,solar
1797,water
1798,water
1799,solar
1800,solar
1801,solar
1802,wind
1803,wind
1804,wind
1805,wind
1806,wind
1807,wind
1808,wind
1809,wind
1810,wind
1811,wind
1812,wind
1813,wind
1814,wind
1815,wind
1816,wind
1817,wind
1818,wind
1819,wind
1820,wind
1821,wind
1822,wind
1823,wind
1824,wind
1825,wind
1826,wind
1827,wind
1828,wind
1829,wind
1830,wind
1831,wind
1832,wind
1833,wind
1834,wind
1835,wind
1836,wind
1837,wind
1838,wind
1839,wind
1840,wind
1841,wind
1842,wind
1843,wind
1844,wind
1845,wind
1846,wind
1847,wind
1848,wind
1849,solar
1850,solar
1851,solar
1852,solar
1853,solar
1854,solar
1855,solar
1856,solar
1857,solar
1858,solar
1859,solar
1860,solar
1861,solar
1862,solar
1863,solar
1864,solar
1865,solar
1866,solar
1867,solar
1868,solar
1869,solar
1870,solar
1871,solar
1872,solar
1873,solar
1874,solar
1875,solar
1876,solar
1877,solar
1878,solar
1879,solar
1880,solar
1881,solar
1882,solar
1883,solar
1884,solar
1885,solar
1886,water
1887,solar
1888,solar
1889,water
1890,wind
1891,wind
1892,wind
1893,wind
1894,wind
1895,wind
1896,water
1897,wind
1898,wind
1899,wind
1900,wind
1901,wind
1902,wind
1903,wind
1904,wind
1905,wind
1906,wind
1907,wind
1908,wind
1909,wind
1910,wind
1911,wind
1912,wind
1913,wind
1914,wind
1915,wind
1916,wind
1917,wind
1918,wind
1919,wind
1920,wind
1921,wind
1922,wind
1923,wind
1924,wind
1925,wind
1926,wind
1927,wind
1928,wind
1929,wind
1930,wind
1931,wind
1932,wind
1933,wind
1934,wind
1935,wind
1936,wind
1937,wind
1938,solar
1939,solar
1940,solar
1941,solar
1942,solar
1943,solar
1944,solar
1945,solar
1946,solar
1947,solar
1948,solar
1949,solar
1950,solar
1951,solar
1952,solar
1953,solar
1954,solar
1955,solar
1956,solar
1957,solar
1958,solar
1959,solar
1960,solar
1961,solar
1962,solar
1963,solar
1964,solar
1965,solar
1966,solar
1967,solar
1968,solar
1969,solar
1970,solar
1971,solar
1972,solar
1973,solar
1974,solar
1975,water
1976,water
1977,wind
1978,wind
1979,wind
1980,wind
1981,wind
1982,wind
1983,wind
1984,wind
1985,wind
1986,wind
1987,wind
1988,wind
1989,wind
1990,wind
1991,wind
1992,wind
1993,wind
1994,wind
1995,wind
1996,wind
1997,wind
1998,wind
1999,wind
2000,wind
2001,wind
2002,wind
2003,wind
2004,wind
2005,wind
2006,wind
2007,wind
2008,wind
2009,wind
2010,wind
2011,wind
2012,wind
2013,wind
2014,wind
2015,wind
2016,wind
2017,wind
2018,wind
2019,wind
2020,wind
2021,wind
2022,wind
2023,wind
2024,wind
2025,wind
2026,wind
2027,wind
2028,solar
2029,solar
2030,solar
2031,solar
2032,solar
2033,solar
2034,solar
2035,solar
2036,solar
2037,solar
2038,solar
2039,solar
2040,solar
2041,solar
2042,solar
2043,solar
2044,solar
2045,solar
2046,solar
2047,solar
2048,solar
2049,solar
2050,solar
2051,solar
2052,solar
2053,solar
2054,solar
2055,solar
2056,solar
2057,solar
2058,solar
2059,solar
2060,solar
2061,solar
2062,solar
2063,solar
2064,solar
2065,wind
2066,wind
2067,wind
2068,wind
2069,wind
2070,wind
2071,wind
2072,wind
2073,wind
2074,wind
2075,wind
2076,wind
2077,solar
2078,solar
2079,solar
2080,solar
2081,solar
2082,wind
2083,wind
2084,wind
2085,wind
2086,wind
2087,wind
2088,wind
2089,wind
2090,wind
2091,wind
2092,wind
2093,wind
2094,wind
2095,wind
2096,wind
2097,wind
2098,wind
2099,wind
2100,wind
2101,wind
2102,wind
2103,wind
2104,wind
2105,wind
2106,wind
2107,wind
2108,wind
2109,wind
2110,wind
2111,wind
2112,wind
2113,wind
2114,wind
2115,wind
2116,wind
2117,wind
2118,wind
2119,solar
2120,solar
2121,solar
2122,solar
2123,solar
2124,solar
2125,solar
2126,solar
2127,solar
2128,solar
2129,solar
2130,solar
2131,solar
2132,solar
2133,solar
2134,solar
2135,solar
2136,solar
2137,solar
2138,solar
2139,solar
2140,solar
2141,solar
2142,solar
2143,solar
2144,solar
2145,solar
2146,solar
2147,solar
2148,solar
2149,solar
2150,solar
2151,solar
2152,solar
2153,solar
2154,solar
2155,solar
2156,solar
2157,wind
2158,wind
2159,wind
2160,wind
2161,wind
2162,wind
2163,wind
2164,wind
2165,wind
2166,wind
2167,wind
2168,solar
2169,solar
2170,solar
2171,solar
2172,solar
2173,wind
2174,wind
2175,wind
2176,wind
2177,wind
2178,wind
2179,wind
2180,wind
2181,wind
2182,wind
2183,wind
2184,wind
2185,wind
2186,wind
2187,wind
2188,wind
2189,wind
2190,wind
2191,wind
2192,wind
2193,wind
2194,wind
2195,wind
2196,wind
2197,wind
2198,wind
2199,wind
2200,wind
2201,wind
2202,wind
2203,wind
2204,wind
2205,wind
2206,wind
2207,wind
2208,wind
2209,wind
2210,wind
2211,solar
2212,solar
2213,solar
2214,solar
2215,solar
2216,solar
2217,solar
2218,solar
2219,solar
2220,solar
2221,solar
2222,solar
2223,solar
2224,solar
2225,solar
2226,solar
2227,solar
2228,solar
2229,solar
2230,solar
2231,solar
2232,solar
2233,solar
2234,water
2235,water
2236,water
2237,solar
2238,solar
2239,solar
2240,solar
2241,solar
2242,solar
2243,solar
2244,solar
2245,solar
2246,wind
2247,wind
2248,wind
2249,wind
2250,wind
2251,wind
2252,wind
2253,wind
2254,wind
2255,wind
2256,wind
2257,wind
2258,wind
2259,solar
2260,solar
2261,solar
2262,solar
2263,solar
2264,wind
2265,wind
2266,wind
2267,wind
2268,wind
2269,wind
2270,wind
2271,wind
2272,wind
2273,wind
2274,wind
2275,wind
2276,wind
2277,wind
2278,wind
2279,solar
2280,wind
2281,wind
2282,wind
2283,wind
2284,wind
2285,wind
2286,wind
2287,wind
2288,wind
2289,wind
2290,wind
2291,wind
2292,wind
2293,wind
2294,wind
2295,wind
2296,wind
2297,wind
2298,wind
2299,wind
2300,wind
2301,wind
2302,wind
2303,solar
2304,solar
2305,solar
2306,solar
2307,solar
2308,solar
2309,solar
2310,solar
2311,solar
2312,solar
2313,solar
2314,solar
2315,solar
2316,solar
2317,solar
2318,solar
2319,solar
2320,solar
2321,solar
2322,solar
2323,solar
2324,solar
2325,solar
2326,solar
2327,water
2328,solar
2329,solar
2330,solar
2331,solar
2332,solar
2333,solar
2334,solar
2335,solar
2336,solar
2337,wind
2338,wind
2339,wind
2340,wind
2341,wind
2342,wind
2343,wind
2344,wind
2345,wind
2346,wind
2347,wind
2348,wind
2349,wind
2350,wind
2351,solar
2352,solar
2353,solar
2354,solar
2355,solar
2356,wind
2357,wind
2358,wind
2359,wind
2360,wind
2361,wind
2362,wind
2363,wind
2364,wind
2365,wind
2366,wind
2367,wind
2368,wind
2369,wind
2370,wind
2371,solar
2372,wind
2373,wind
2374,wind
2375,wind
2376,wind
2377,wind
2378,wind
2379,wind
2380,wind
2381,wind
2382,wind
2383,wind
2384,wind
2385,wind
2386,wind
2387,wind
2388,wind
2389,wind
2390,wind
2391,wind
2392,wind
2393,wind
2394,wind
2395,solar
2396,solar
2397,solar
2398,solar
2399,solar
2400,solar
2401,solar
2402,solar
2403,solar
2404,solar
2405,solar
2406,solar
2407,solar
2408,solar
2409,solar
2410,solar
2411,solar
2412,solar
2413,solar
2414,solar
2415,solar
2416,solar
2417,solar
2418,solar
2419,solar
2420,solar
2421,solar
2422,solar
2423,solar
2424,solar
2425,solar
2426,solar
2427,solar
2428,solar
2429,solar
2430,solar
2431,wind
2432,wind
2433,wind
2434,wind
2435,solar
2436,solar
2437,wind
2438,wind
2439,wind
2440,wind
2441,wind
2442,wind
2443,wind
2444,solar
2445,solar
2446,solar
2447,solar
2448,solar
2449,solar
2450,solar
2451,solar
2452,solar
2453,wind
2454,wind
2455,wind
2456,wind
2457,wind
2458,wind
2459,wind
2460,wind
2461,wind
2462,wind
2463,wind
2464,solar
2465,wind
2466,wind
2467,wind
2468,wind
2469,wind
2470,wind
2471,wind
2472,wind
2473,wind
2474,wind
2475,wind
2476,wind
2477,wind
2478,wind
2479,wind
2480,wind
2481,wind
2482,wind
2483,wind
2484,wind
2485,wind
2486,wind
2487,wind
2488,wind
2489,solar
2490,solar
2491,solar
2492,solar
2493,solar
2494,solar
2495,solar
2496,solar
2497,solar
2498,solar
2499,solar
2500,solar
2501,solar
2502,solar
2503,solar
2504,solar
2505,solar
2506,solar
2507,solar
2508,solar
2509,solar
2510,solar
2511,solar
2512,solar
2513,solar
2514,solar
2515,solar
2516,solar
2517,solar
2518,solar
2519,solar
2520,solar
2521,solar
2522,solar
2523,solar
2524,solar
2525,solar
2526,wind
2527,wind
2528,solar
2529,solar
2530,solar
2531,wind
2532,wind
2533,wind
2534,wind
2535,solar
2536,wind
2537,wind
2538,wind
2539,solar
2540,solar
2541,solar
2542,solar
2543,solar
2544,wind
2545,wind
2546,wind
2547,wind
2548,wind
2549,wind
2550,wind
2551,solar
2552,wind
2553,wind
2554,solar
2555,solar
2556,solar
2557,solar
2558,solar
2559,wind
2560,wind
2561,wind
2562,wind
2563,gas
2564,wind
2565,wind
2566,wind
2567,wind
2568,wind
2569,wind
2570,wind
2571,wind
2572,wind
2573,wind
2574,wind
2575,wind
2576,wind
2577,wind
2578,wind
2579,wind
2580,wind
2581,wind
2582,wind
2583,solar
2584,solar
2585,solar
2586,solar
2587,solar
2588,solar
2589,solar
2590,solar
2591,solar
2592,solar
2593,solar
2594,solar
2595,solar
2596,solar
2597,solar
2598,solar
2599,solar
2600,solar
2601,solar
2602,solar
2603,solar
2604,solar
2605,solar
2606,solar
2607,solar
2608,solar
2609,solar
2610,solar
2611,solar
2612,solar
2613,solar
2614,solar
2615,solar
2616,solar
2617,solar
2618,solar
2619,solar
2620,solar
2621,solar
2622,solar
2623,solar
2624,solar
2625,wind
2626,wind
2627,wind
2628,wind
2629,solar
2630,wind
2631,wind
2632,wind
2633,wind
2634,wind
2635,wind
2636,wind
2637,wind
2638,wind
2639,wind
2640,wind
2641,wind
2642,wind
2643,wind
2644,wind
2645,solar
2646,solar
2647,solar
2648,solar
2649,solar
2650,solar
2651,solar
2652,solar
2653,wind
2654,wind
2655,wind
2656,wind
2657,gas
2658,gas
2659,gas
2660,wind
2661,wind
2662,wind
2663,wind
2664,wind
2665,wind
2666,wind
2667,wind
2668,wind
2669,wind
2670,wind
2671,wind
2672,wind
2673,wind
2674,wind
2675,wind
2676,wind
2677,solar
2678,solar
2679,solar
2680,solar
2681,solar
2682,solar
2683,solar
2684,solar
2685,solar
2686,solar
2687,solar
2688,solar
2689,solar
2690,solar
2691,solar
2692,solar
2693,solar
2694,solar
2695,solar
2696,solar
2697,solar
2698,solar
2699,solar
2700,solar
2701,solar
2702,solar
2703,solar
2704,solar
2705,solar
2706,solar
2707,solar
2708,solar
2709,solar
2710,solar
2711,solar
2712,solar
2713,solar
2714,solar
2715,solar
2716,solar
2717,solar
2718,solar
2719,solar
2720,solar
2721,wind
2722,wind
2723,wind
2724,wind
2725,solar
2726,wind
2727,wind
2728,wind
2729,wind
2730,wind
2731,wind
2732,wind
2733,wind
2734,wind
2735,wind
2736,wind
2737,wind
2738,wind
2739,wind
2740,wind
2741,solar
2742,solar
2743,solar
2744,solar
2745,solar
2746,solar
2747,solar
2748,solar
2749,wind
2750,wind
2751,wind
2752,wind
2753,gas
2754,gas
2755,gas
2756,wind
2757,wind
2758,wind
2759,wind
2760,wind
2761,wind
2762,wind
2763,wind
2764,wind
2765,wind
2766,wind
2767,wind
2768,wind
2769,wind
2770,wind
2771,wind
2772,wind
2773,solar
2774,solar
2775,solar
2776,solar
2777,solar
2778,solar
2779,solar
2780,solar
2781,solar
2782,solar
2783,solar
2784,solar
2785,solar
2786,solar
2787,solar
2788,solar
2789,solar
2790,solar
2791,solar
2792,solar
2793,solar
2794,solar
2795,solar
2796,solar
2797,solar
2798,solar
2799,solar
2800,solar
2801,solar
2802,solar
2803,solar
2804,solar
2805,solar
2806,solar
2807,solar
2808,solar
2809,solar
2810,solar
2811,solar
2812,solar
2813,solar
2814,solar
2815,solar
2816,solar
2817,wind
2818,wind
2819,wind
2820,wind
2821,solar
2822,wind
2823,wind
2824,wind
2825,wind
2826,wind
2827,wind
2828,wind
2829,wind
2830,wind
2831,wind
2832,wind
2833,wind
2834,wind
2835,wind
2836,wind
2837,solar
2838,solar
2839,solar
2840,solar
2841,solar
2842,solar
2843,solar
2844,solar
2845,wind
2846,wind
2847,wind
2848,wind
2849,gas
2850,gas
2851,gas
2852,gas
2853,wind
2854,wind
2855,wind
2856,wind
2857,wind
2858,wind
2859,wind
2860,wind
2861,wind
2862,wind
2863,wind
2864,wind
2865,wind
2866,wind
2867,wind
2868,wind
2869,solar
2870,solar
2871,solar
2872,solar
2873,solar
2874,solar
2875,solar
2876,solar
2877,solar
2878,solar
2879,solar
2880,solar
2881,solar
2882,solar
2883,solar
2884,solar
2885,solar
2886,solar
2887,solar
2888,solar
2889,solar
2890,solar
2891,solar
2892,solar
2893,solar
2894,solar
2895,solar
2896,solar
2897,solar
2898,solar
2899,solar
2900,solar
2901,solar
2902,solar
2903,solar
2904,solar
2905,solar
2906,solar
2907,solar
2908,solar
2909,solar
2910,solar
2911,solar
2912,solar
2913,solar
2914,solar
2915,solar
2916,solar
2917,solar
2918,solar
2919,wind
2920,solar
2921,solar
2922,wind
2923,wind
2924,wind
2925,wind
2926,wind
2927,wind
2928,wind
2929,wind
2930,wind
2931,wind
2932,solar
2933,solar
2934,solar
2935,solar
2936,solar
2937,solar
2938,solar
2939,solar
2940,wind
2941,wind
2942,solar
2943,solar
2944,solar
2945,solar
2946,solar
2947,solar
2948,solar
2949,solar
2950,solar
2951,solar
2952,solar
2953,solar
2954,solar
2955,solar
2956,solar
2957,solar
2958,solar
2959,water
2960,solar
2961,solar
2962,solar
2963,solar
2964,solar
2965,solar
2966,solar
2967,solar
2968,solar
2969,solar
2970,solar
2971,solar
2972,solar
2973,solar
2974,solar
2975,solar
2976,solar
2977,solar
2978,solar
2979,solar
2980,solar
2981,solar
2982,solar
2983,solar
2984,solar
2985,solar
2986,solar
2987,solar
2988,solar
2989,solar
2990,solar
2991,wind
2992,wind
2993,wind
2994,wind
2995,solar
2996,solar
2997,solar
2998,solar
2999,wind
3000,wind
3001,wind
3002,wind
3003,solar
3004,solar
3005,solar
3006,solar
3007,solar
3008,wind
3009,wind
3010,solar
3011,solar
3012,solar
3013,solar
3014,solar
3015,solar
3016,solar
3017,solar
3018,solar
3019,solar
3020,solar
3021,solar
3022,solar
3023,solar
3024,solar
3025,solar
3026,solar
3027,solar
3028,solar
3029,solar
3030,solar
3031,solar
3032,solar
3033,solar
3034,solar
3035,solar
3036,solar
3037,solar
3038,solar
3039,solar
3040,solar
3041,solar
3042,solar
3043,solar
3044,solar
3045,solar
3046,solar
3047,solar
3048,solar
3049,solar
3050,solar
3051,solar
3052,solar
3053,solar
3054,solar
3055,solar
3056,solar
3057,solar
3058,solar
3059,solar
3060,wind
3061,wind
3062,wind
3063,wind
3064,solar
3065,solar
3066,solar
3067,solar
3068,wind
3069,wind
3070,wind
3071,wind
3072,wind
3073,solar
3074,solar
3075,solar
3076,solar
3077,solar
3078,solar
3079,solar
3080,water
3081,solar
3082,solar
3083,solar
3084,solar
3085,solar
3086,solar
3087,solar
3088,solar
3089,solar
3090,solar
3091,solar
3092,solar
3093,solar
3094,solar
3095,solar
3096,solar
3097,solar
3098,solar
3099,solar
3100,solar
3101,solar
3102,solar
3103,solar
3104,solar
3105,solar
3106,solar
3107,solar
3108,solar
3109,solar
3110,solar
3111,solar
3112,solar
3113,solar
3114,solar
3115,solar
3116,solar
3117,solar
3118,solar
3119,solar
3120,solar
3121,solar
3122,solar
3123,solar
3124,solar
3125,solar
3126,solar
3127,solar
3128,wind
3129,wind
3130,wind
3131,wind
3132,solar
3133,solar
3134,solar
3135,solar
3136,wind
3137,wind
3138,wind
3139,wind
3140,wind
3141,solar
3142,solar
3143,solar
3144,solar
3145,solar
3146,solar
3147,solar
3148,solar
3149,solar
3150,solar
3151,solar
3152,solar
3153,solar
3154,solar
3155,solar
3156,solar
3157,solar
3158,solar
3159,solar
3160,solar
3161,solar
3162,water
3163,solar
3164,solar
3165,solar
3166,solar
3167,solar
3168,solar
3169,solar
3170,solar
3171,solar
3172,solar
3173,solar
3174,solar
3175,solar
3176,solar
3177,solar
3178,solar
3179,solar
3180,solar
3181,solar
3182,solar
3183,solar
3184,solar
3185,solar
3186,solar
3187,solar
3188,solar
3189,solar
3190,solar
3191,solar
3192,solar
3193,solar
3194,solar
3195,solar
3196,solar
3197,wind
3198,wind
3199,wind
3200,wind
3201,solar
3202,solar
3203,solar
3204,solar
3205,wind
3206,wind
3207,wind
3208,wind
3209,wind
3210,solar
3211,solar
3212,solar
3213,solar
3214,solar
3215,solar
3216,solar
3217,solar
3218,solar
3219,solar
3220,solar
3221,solar
3222,solar
3223,solar
3224,solar
3225,solar
3226,solar
3227,solar
3228,solar
3229,solar
3230,solar
3231,water
3232,solar
3233,solar
3234,solar
3235,solar
3236,solar
3237,solar
3238,solar
3239,solar
3240,solar
3241,solar
3242,solar
3243,solar
3244,solar
3245,solar
3246,solar
3247,solar
3248,solar
3249,solar
3250,solar
3251,solar
3252,solar
3253,solar
3254,solar
3255,wind
3256,wind
3257,wind
3258,wind
3259,solar
3260,solar
3261,solar
3262,solar
3263,wind
3264,wind
3265,wind
3266,solar
3267,solar
3268,solar
3269,solar
3270,wind
3271,wind
3272,wind
3273,wind
3274,solar
3275,solar
3276,solar
3277,solar
3278,solar
3279,solar
3280,solar
3281,solar
3282,solar
3283,solar
3284,solar
3285,solar
3286,solar
3287,solar
3288,solar
3289,solar
3290,solar
3291,solar
3292,solar
3293,solar
3294,solar
3295,solar
3296,solar
3297,solar
3298,solar
3299,solar
3300,solar
3301,solar
3302,solar
3303,solar
3304,solar
3305,solar
3306,solar
3307,solar
3308,solar
3309,solar
3310,solar
3311,solar
3312,solar
3313,solar
3314,solar
3315,water
3316,solar
3317,solar
3318,solar
3319,solar
3320,solar
3321,solar
3322,solar
3323,wind
3324,wind
3325,wind
3326,wind
3327,solar
3328,solar
3329,solar
3330,solar
3331,wind
3332,wind
3333,wind
3334,solar
3335,solar
3336,solar
3337,solar
3338,wind
3339,wind
3340,wind
3341,wind
3342,solar
3343,solar
3344,solar
3345,solar
3346,solar
3347,solar
3348,solar
3349,solar
3350,solar
3351,solar
3352,solar
3353,solar
3354,solar
3355,solar
3356,solar
3357,solar
3358,solar
3359,solar
3360,solar
3361,solar
3362,solar
3363,solar
3364,solar
3365,solar
3366,solar
3367,solar
3368,water
3369,solar
3370,solar
3371,solar
3372,solar
3373,solar
3374,solar
3375,solar
3376,solar
3377,solar
3378,solar
3379,solar
3380,solar
3381,solar
3382,solar
3383,solar
3384,solar
3385,solar
3386,solar
3387,solar
3388,solar
3389,solar
3390,solar
3391,water
3392,wind
3393,wind
3394,wind
3395,wind
3396,solar
3397,solar
3398,solar
3399,solar
3400,wind
3401,wind
3402,wind
3403,solar
3404,solar
3405,water
3406,solar
3407,wind
3408,wind
3409,wind
3410,wind
3411,solar
3412,solar
3413,solar
3414,solar
3415,solar
3416,solar
3417,solar
3418,solar
3419,solar
3420,solar
3421,solar
3422,solar
3423,solar
3424,solar
3425,solar
3426,solar
3427,solar
3428,solar
3429,solar
3430,solar
3431,solar
3432,solar
3433,solar
3434,solar
3435,solar
3436,solar
3437,solar
3438,solar
3439,solar
3440,solar
3441,solar
3442,solar
3443,solar
3444,solar
3445,solar
3446,solar
3447,solar
3448,solar
3449,solar
3450,solar
3451,solar
3452,solar
3453,solar
3454,solar
3455,solar
3456,solar
3457,solar
3458,solar
3459,solar
3460,wind
3461,wind
3462,wind
3463,wind
3464,solar
3465,solar
3466,solar
3467,solar
3468,wind
3469,wind
3470,wind
3471,solar
3472,solar
3473,solar
3474,solar
3475,wind
3476,wind
3477,wind
3478,wind
3479,solar
3480,solar
3481,solar
3482,solar
3483,solar
3484,solar
3485,solar
3486,solar
3487,solar
3488,solar
3489,solar
3490,solar
3491,solar
3492,solar
3493,solar
3494,solar
3495,solar
3496,solar
3497,solar
3498,solar
3499,solar
3500,solar
3501,solar
3502,solar
3503,solar
3504,solar
3505,solar
3506,solar
3507,solar
3508,solar
3509,solar
3510,solar
3511,solar
3512,solar
3513,solar
3514,solar
3515,solar
3516,solar
3517,solar
3518,solar
3519,solar
3520,solar
3521,solar
3522,solar
3523,solar
3524,solar
3525,solar
3526,solar
3527,solar
3528,wind
3529,wind
3530,wind
3531,wind
3532,wind
3533,wind
3534,wind
3535,wind
3536,wind
3537,wind
3538,wind
3539,wind
3540,wind
3541,wind
3542,wind
3543,wind
3544,wind
3545,wind
3546,wind
3547,wind
3548,wind
3549,wind
3550,wind
3551,solar
3552,solar
3553,solar
3554,solar
3555,wind
3556,wind
3557,wind
3558,wind
3559,solar
3560,solar
3561,solar
3562,solar
3563,solar
3564,solar
3565,solar
3566,solar
3567,solar
3568,solar
3569,solar
3570,solar
3571,solar
3572,solar
3573,solar
3574,solar
3575,solar
3576,solar
3577,solar
3578,solar
3579,solar
3580,solar
3581,solar
3582,solar
3583,solar
3584,solar
3585,solar
3586,solar
3587,water
3588,solar
3589,solar
3590,water
3591,solar
3592,solar
3593,solar
3594,water
3595,solar
3596,solar
3597,wind
3598,wind
3599,wind
3600,wind
3601,wind
3602,wind
3603,wind
3604,wind
3605,wind
3606,wind
3607,wind
3608,wind
3609,wind
3610,wind
3611,wind
3612,wind
3613,wind
3614,wind
3615,wind
3616,wind
3617,wind
3618,wind
3619,wind
3620,solar
3621,solar
3622,solar
3623,solar
3624,wind
3625,wind
3626,wind
3627,solar
3628,solar
3629,solar
3630,solar
3631,solar
3632,solar
3633,solar
3634,solar
3635,solar
3636,solar
3637,solar
3638,solar
3639,solar
3640,solar
3641,solar
3642,solar
3643,solar
3644,solar
3645,solar
3646,solar
3647,solar
3648,solar
3649,solar
3650,solar
3651,solar
3652,solar
3653,solar
3654,solar
3655,water
3656,solar
3657,solar
3658,water
3659,solar
3660,solar
3661,solar
3662,solar
3663,solar
3664,solar
3665,wind
3666,wind
3667,wind
3668,wind
3669,wind
3670,wind
3671,wind
3672,wind
3673,wind
3674,wind
3675,wind
3676,wind
3677,wind
3678,wind
3679,wind
3680,wind
3681,wind
3682,wind
3683,wind
3684,wind
3685,wind
3686,wind
3687,wind
3688,solar
3689,solar
3690,solar
3691,solar
3692,wind
3693,wind
3694,wind
3695,wind
3696,solar
3697,solar
3698,solar
3699,solar
3700,solar
3701,solar
3702,solar
3703,solar
3704,solar
3705,wind
3706,solar
3707,solar
3708,solar
3709,solar
3710,solar
3711,solar
3712,solar
3713,solar
3714,solar
3715,solar
3716,solar
3717,solar
3718,solar
3719,solar
3720,solar
3721,solar
3722,solar
3723,solar
3724,water
3725,solar
3726,solar
3727,solar
3728,solar
3729,solar
3730,solar
3731,solar
3732,solar
3733,solar
3734,wind
3735,wind
3736,wind
3737,wind
3738,wind
3739,wind
3740,wind
3741,wind
3742,wind
3743,wind
3744,wind
3745,wind
3746,wind
3747,wind
3748,wind
3749,wind
3750,wind
3751,wind
3752,wind
3753,wind
3754,wind
3755,wind
3756,wind
3757,solar
3758,solar
3759,solar
3760,solar
3761,wind
3762,wind
3763,wind
3764,solar
3765,solar
3766,solar
3767,solar
3768,solar
3769,solar
3770,wind
3771,wind
3772,wind
3773,wind
3774,solar
3775,solar
3776,solar
3777,solar
3778,solar
3779,solar
3780,solar
3781,solar
3782,solar
3783,solar
3784,solar
3785,solar
3786,solar
3787,solar
3788,solar
3789,solar
3790,solar
3791,solar
3792,solar
3793,solar
3794,solar
3795,solar
3796,solar
3797,solar
3798,solar
3799,solar
3800,solar
3801,solar
3802,wind
3803,wind
3804,wind
3805,wind
3806,wind
3807,wind
3808,wind
3809,gas
3810,gas
3811,gas
3812,gas
3813,wind
3814,wind
3815,wind
3816,wind
3817,wind
3818,wind
3819,wind
3820,wind
3821,solar
3822,solar
3823,solar
3824,solar
3825,solar
3826,solar
3827,solar
3828,solar
3829,wind
3830,wind
3831,wind
3832,solar
3833,solar
3834,solar
3835,wind
3836,wind
3837,wind
3838,wind
3839,solar
3840,solar
3841,solar
3842,solar
3843,solar
3844,solar
3845,solar
3846,solar
3847,solar
3848,solar
3849,solar
3850,solar
3851,solar
3852,solar
3853,solar
3854,solar
3855,solar
3856,solar
3857,solar
3858,solar
3859,solar
3860,water
3861,solar
3862,solar
3863,solar
3864,solar
3865,solar
3866,solar
3867,wind
3868,wind
3869,wind
3870,wind
3871,wind
3872,wind
3873,wind
3874,gas
3875,gas
3876,gas
3877,gas
3878,wind
3879,wind
3880,wind
3881,wind
3882,wind
3883,wind
3884,wind
3885,wind
3886,solar
3887,solar
3888,solar
3889,solar
3890,solar
3891,solar
3892,solar
3893,solar
3894,wind
3895,wind
3896,wind
3897,wind
3898,wind
3899,wind
3900,wind
3901,solar
3902,solar
3903,solar
3904,solar
3905,solar
3906,solar
3907,solar
3908,solar
3909,solar
3910,solar
3911,solar
3912,solar
3913,solar
3914,solar
3915,solar
3916,solar
3917,solar
3918,solar
3919,solar
3920,solar
3921,water
3922,solar
3923,solar
3924,solar
3925,solar
3926,solar
3927,solar
3928,solar
3929,wind
3930,wind
3931,wind
3932,wind
3933,wind
3934,wind
3935,wind
3936,gas
3937,gas
3938,gas
3939,gas
3940,wind
3941,wind
3942,wind
3943,wind
3944,wind
3945,wind
3946,wind
3947,wind
3948,solar
3949,solar
3950,solar
3951,solar
3952,solar
3953,solar
3954,solar
3955,solar
3956,wind
3957,wind
3958,wind
3959,wind
3960,wind
3961,wind
3962,solar
3963,solar
3964,solar
3965,solar
3966,solar
3967,solar
3968,solar
3969,solar
3970,solar
3971,solar
3972,solar
3973,solar
3974,solar
3975,solar
3976,solar
3977,solar
3978,solar
3979,solar
3980,solar
3981,solar
3982,water
3983,solar
3984,solar
3985,solar
3986,wind
3987,wind
3988,wind
3989,wind
3990,wind
3991,wind
3992,wind
3993,water
3994,gas
3995,gas
3996,gas
3997,wind
3998,wind
3999,water
4000,wind
4001,wind
4002,wind
4003,wind
4004,wind
4005,solar
4006,solar
4007,solar
4008,solar
4009,solar
4010,solar
4011,solar
4012,solar
4013,wind
4014,wind
4015,wind
4016,wind
4017,solar
4018,solar
4019,solar
4020,solar
4021,wind
4022,wind
4023,wind
4024,wind
4025,solar
4026,solar
4027,solar
4028,solar
4029,wind
4030,wind
4031,wind
4032,solar
4033,wind
4034,wind
4035,wind
4036,wind
4037,wind
4038,wind
4039,wind
4040,wind
4041,wind
4042,wind
4043,water
4044,wind
4045,wind
4046,wind
4047,wind
4048,solar
4049,solar
4050,solar
4051,solar
4052,solar
4053,solar
4054,solar
4055,solar
4056,wind
4057,wind
4058,wind
4059,wind
4060,wind
4061,wind
4062,solar
4063,solar
4064,solar
4065,solar
4066,wind
4067,wind
4068,wind
4069,wind
4070,wind
4071,wind
4072,wind
4073,wind
4074,wind
4075,wind
4076,wind
4077,wind
4078,wind
4079,wind
4080,wind
4081,wind
4082,wind
4083,wind
4084,wind
4085,solar
4086,solar
4087,solar
4088,solar
4089,solar
4090,solar
4091,solar
4092,solar
4093,wind
4094,wind
4095,wind
4096,wind
4097,solar
4098,solar
4099,solar
4100,wind
4101,wind
4102,wind
4103,wind
4104,wind
4105,wind
4106,wind
4107,wind
4108,wind
4109,wind
4110,wind
4111,wind
4112,wind
4113,wind
4114,wind
4115,wind
4116,wind
4117,wind
4118,wind
4119,solar
4120,solar
4121,solar
4122,solar
4123,solar
4124,solar
4125,solar
4126,solar
4127,wind
4128,wind
4129,wind
4130,solar
4131,wind
4132,wind
4133,wind
4134,wind
4135,wind
4136,wind
4137,wind
4138,wind
4139,wind
4140,wind
4141,wind
4142,wind
4143,wind
4144,wind
4145,wind
4146,wind
4147,wind
4148,solar
4149,solar
4150,solar
4151,solar
4152,solar
4153,solar
4154,solar
4155,solar
4156,wind
4157,wind
4158,wind
4159,solar
4160,wind
4161,wind
4162,wind
4163,wind
4164,wind
4165,wind
4166,wind
4167,wind
4168,wind
4169,wind
4170,wind
4171,wind
4172,wind
4173,wind
4174,wind
4175,wind
4176,wind
4177,wind
4178,wind
4179,wind
4180,wind
4181,wind
4182,wind
4183,wind
4184,wind
4185,wind
4186,wind
4187,wind
4188,wind
4189,wind
4190,wind
4191,wind
4192,wind
4193,wind
4194,wind
4195,wind
4196,wind
4197,wind
4198,wind
4199,wind
4200,wind
4201,wind
4202,wind
4203,wind
4204,wind
4205,wind
4206,wind
4207,wind
4208,wind
4209,wind
4210,wind
4211,wind
4212,wind
4213,wind
4214,wind
4215,wind
4216,wind
4217,wind
4218,wind
4219,wind
4220,wind
4221,wind
4222,wind
4223,wind
4224,wind
4225,wind
4226,wind
4227,wind
4228,wind
4229,wind
4230,wind
4231,wind
4232,wind
4233,wind
4234,wind
4235,wind
4236,wind
4237,wind
4238,wind
4239,wind
4240,wind
4241,wind
4242,wind
4243,wind
4244,wind
4245,wind
4246,wind
4247,wind
4248,wind
4249,wind
4250,wind
4251,wind
4252,wind
4253,wind
4254,wind
4255,wind
4256,wind
4257,wind
4258,wind
4259,wind
4260,wind
4261,wind
4262,wind
4263,wind
4264,wind
4265,wind
4266,wind
4267,wind
4268,wind
4269,solar
4270,solar
4271,solar
4272,solar
4273,solar
4274,solar
4275,solar
4276,wind
4277,wind
4278,wind
4279,wind
4280,wind
4281,wind
4282,wind
4283,wind
4284,wind
4285,wind
4286,wind
4287,wind
4288,wind
4289,wind
4290,wind
4291,wind
4292,solar
4293,solar
4294,solar
4295,solar
4296,solar
4297,solar
4298,solar
4299,wind
4300,wind
4301,wind
4302,wind
4303,wind
4304,wind
4305,wind
4306,wind
4307,wind
4308,wind
4309,wind
4310,wind
4311,wind
4312,wind
4313,wind
4314,wind
4315,solar
4316,solar
4317,solar
4318,solar
4319,solar
4320,solar
4321,solar
4322,wind
4323,wind
4324,wind
4325,wind
4326,wind
4327,wind
4328,wind
4329,wind
4330,wind
4331,wind
4332,wind
4333,wind
4334,wind
4335,wind
4336,wind
4337,solar
4338,solar
4339,solar
4340,solar
4341,wind
4342,solar
4343,solar
4344,wind
4345,wind
4346,wind
4347,wind
4348,wind
4349,wind
4350,wind
4351,solar
4352,solar
4353,solar
4354,solar
4355,solar
4356,wind
4357,wind
4358,wind
4359,wind
4360,solar
4361,solar
4362,solar
4363,solar
4364,wind
4365,wind
4366,wind
4367,wind
4368,wind
4369,wind
4370,wind
4371,wind
4372,wind
4373,wind
4374,solar
4375,solar
4376,solar
4377,solar
4378,solar
4379,wind
4380,wind
4381,wind
4382,wind
4383,solar
4384,solar
4385,solar
4386,solar
4387,wind
4388,wind
4389,wind
4390,wind
4391,wind
4392,wind
4393,wind
4394,wind
4395,wind
4396,wind
4397,wind
4398,solar
4399,solar
4400,solar
4401,solar
4402,wind
4403,wind
4404,wind
4405,wind
4406,solar
4407,solar
4408,solar
4409,solar
4410,wind
4411,wind
4412,wind
4413,wind
4414,wind
4415,wind
4416,wind
4417,wind
4418,wind
4419,wind
4420,wind
4421,solar
4422,solar
4423,solar
4424,solar
4425,wind
4426,wind
4427,wind
4428,wind
4429,solar
4430,solar
4431,solar
4432,solar
4433,wind
4434,wind
4435,wind
4436,wind
4437,wind
4438,wind
4439,wind
4440,wind
4441,wind
4442,wind
4443,wind
4444,wind
4445,wind
4446,wind
4447,wind
4448,solar
4449,solar
4450,solar
4451,solar
4452,solar
4453,solar
4454,solar
4455,solar
4456,wind
4457,wind
4458,wind
4459,wind
4460,wind
4461,wind
4462,wind
4463,wind
4464,wind
4465,wind
4466,wind
4467,wind
4468,wind
4469,wind
4470,wind
4471,solar
4472,water
4473,water
4474,solar
4475,solar
4476,solar
4477,solar
4478,solar
4479,wind
4480,wind
4481,wind
4482,wind
4483,wind
4484,wind
4485,wind
4486,wind
4487,wind
4488,wind
4489,wind
4490,wind
4491,wind
4492,wind
4493,wind
4494,water
4495,water
4496,water
4497,solar
4498,solar
4499,solar
4500,solar
4501,solar
4502,wind
4503,wind
4504,wind
4505,wind
4506,wind
4507,wind
4508,wind
4509,wind
4510,wind
4511,wind
4512,wind
4513,wind
4514,wind
4515,wind
4516,wind
4517,water
4518,water
4519,water
4520,solar
4521,solar
4522,solar
4523,solar
4524,solar
4525,wind
4526,wind
4527,wind
4528,wind
4529,wind
4530,wind
4531,wind
4532,wind
4533,wind
4534,wind
4535,wind
4536,wind
4537,wind
4538,wind
4539,wind
4540,water
4541,water
4542,water
4543,wind
4544,wind
4545,wind
4546,wind
4547,wind
4548,wind
4549,wind
4550,wind
4551,wind
4552,wind
4553,wind
4554,wind
4555,wind
4556,wind
4557,wind
4558,wind
4559,wind
4560,wind
4561,wind
4562,wind
4563,water
4564,water
4565,water
4566,wind
4567,wind
4568,wind
4569,wind
4570,wind
4571,wind
4572,wind
4573,wind
4574,wind
4575,wind
4576,wind
4577,wind
4578,wind
4579,wind
4580,wind
4581,wind
4582,wind
4583,wind
4584,wind
4585,wind
4586,water
4587,water
4588,water
4589,wind
4590,wind
4591,wind
4592,wind
4593,wind
4594,wind
4595,wind
4596,wind
4597,wind
4598,wind
4599,wind
4600,wind
4601,wind
4602,wind
4603,wind
4604,wind
4605,wind
4606,wind
4607,wind
4608,wind
4609,water
4610,water
4611,water
4612,wind
4613,wind
4614,wind
4615,wind
4616,wind
4617,wind
4618,wind
4619,wind
4620,wind
4621,wind
4622,wind
4623,wind
4624,wind
4625,wind
